iter	Logloss
0	0.5989704344
1	0.5628810136
