iter	Logloss
0	0.5724810706
1	0.5359386388
